{
  "60": [
    [
      44.27885678323349,
      0.5548442443388808
    ],
    [
      -46.003206036297826,
      3.3045517413804646
    ]
  ],
  "65": [
    [
      -42.12160863521936,
      6.181537779063007
    ],
    [
      40.413262426774196,
      -6.2430664668284805
    ]
  ],
  "70": [
    [
      22.19871784506617,
      -1.2540159156692852
    ],
    [
      -22.407648218052543,
      1.1901685261454276
    ]
  ]
}